{
    "swagger": "2.0",
    "info": {
        "title": "Emotion API",
        "description": "API for user registration, login, and song recommendations based on emotion",
        "version": "1.0"
    },
    "paths": {
        "/register": {
            "post": {
                "summary": "Register a new user",
                "parameters": [
                    {
                        "name": "username",
                        "in": "body",
                        "required": true,
                        "type": "string",
                        "description": "The username of the user"
                    },
                    {
                        "name": "password",
                        "in": "body",
                        "required": true,
                        "type": "string",
                        "description": "The password of the user"
                    }
                ],
                "responses": {
                    "201": {
                        "description": "User registered successfully"
                    },
                    "400": {
                        "description": "Missing fields or user already exists"
                    }
                }
            }
        },
        "/login": {
            "post": {
                "summary": "Login with username and password",
                "parameters": [
                    {
                        "name": "username",
                        "in": "body",
                        "required": true,
                        "type": "string",
                        "description": "The username of the user"
                    },
                    {
                        "name": "password",
                        "in": "body",
                        "required": true,
                        "type": "string",
                        "description": "The password of the user"
                    }
                ],
                "responses": {
                    "200": {
                        "description": "Login successful"
                    },
                    "400": {
                        "description": "Missing fields"
                    },
                    "401": {
                        "description": "Invalid credentials"
                    }
                }
            }
        }
    }
}



